[
    {
        "id": "1",
        "imgSrc": "https://i.ytimg.com/vi/t0Q2otsqC4I/hq720.jpg?sqp=-oaymwEcCOgCEMoBSFXyq4qpAw4IARUAAIhCGAFwAcABBg==&rs=AOn4CLCFcrz2zM6mPUmJiCsC7c7suOzSug",
        "title": "Tom & Jerry | Tom & Jerry in Full Screen | Classic Cartoon Compilation | WB Kids by WB Kids",
        "views": 20078574,
        "desc": "Did you know that there are only 25 classic Tom & Jerry episodes that were displayed in a widescreen CinemaScope from the 1950s? Enjoy a compilation filled with some of the best moments from these full screen episodes!",
        "creator": {
            "firstname": "WB",
            "lastname": "Kids"
        },
        "isHidden": false
    },
    {
        "id": "2",
        "imgSrc": "https://i.ytimg.com/vi/5NG7sVcB0QQ/hq720.jpg?sqp=-oaymwEcCOgCEMoBSFXyq4qpAw4IARUAAIhCGAFwAcABBg==&rs=AOn4CLD0hHqg6BjpbqR1UHl10IznPfmLzw",
        "title": "Tom and Jerry 2018 | 2 Fast 2 Furious + Tom and Jerry in Hospital",
        "views": 9174395,
        "desc": "Did you know that there are only 25 classic Tom & Jerry episodes that were displayed in a widescreen CinemaScope from the 1950s? Enjoy a compilation filled with some of the best moments from these full screen episodes! ",
        "creator": {
            "firstname": "WB",
            "lastname": "Kids"
        },
        "isHidden": false
    },
    {
        "id": "3",
        "imgSrc": "https://i.ytimg.com/vi/n4OFVR3V6G8/hqdefault.jpg?sqp=-oaymwEcCOADEI4CSFXyq4qpAw4IARUAAIhCGAFwAcABBg==&rs=AOn4CLCIDnNQD_NnVRvzSqlfOnSft_wDzA",
        "title": "Tom and Jerry - Fit to be tied",
        "views": 64459641,
        "desc": "Did you know that there are only 25 classic Tom & Jerry episodes that were displayed in a widescreen CinemaScope from the 1950s? Enjoy a compilation filled with some of the best moments from these full screen episodes!",
        "creator": {
            "firstname": "MovieCon",
            "lastname": "Animation"
        },
        "isHidden": false
    },
    {
        "id": "4",
        "imgSrc": "https://i.ytimg.com/vi/n4OFVR3V6G8/hqdefault.jpg?sqp=-oaymwEcCOADEI4CSFXyq4qpAw4IARUAAIhCGAFwAcABBg==&rs=AOn4CLCIDnNQD_NnVRvzSqlfOnSft_wDzA",
        "title": "Hidden - Tom and Jerry - Fit to be tied",
        "views": 64459641,
        "desc": "Did you know that there are only 25 classic Tom & Jerry episodes that were displayed in a widescreen CinemaScope from the 1950s? Enjoy a compilation filled with some of the best moments from these full screen episodes!",
        "creator": {
            "firstname": "MovieCon",
            "lastname": "Animation"
        },
        "isHidden": true
    }
]
